#,ÓÃ»§Ãû,Url,Votes,%,Daily Reward
1,eoshuobipool,http://eoshuobipool.com,"58,847,721",2.68%,944?EOS
2,zbeosbp11111,http://www.zbeos.com,"58,144,850",2.64%,937?EOS
3,eoscannonchn,https://eoscannon.io/,"57,734,381",2.63%,932?EOS
4,eosnewyorkio,https://bp.eosnewyork.io,"56,580,971",2.57%,920?EOS
5,eosauthority,https://eosauthority.com,"53,722,866",2.44%,890?EOS
6,eosisgravity,http://eosgravity.com,"53,553,129",2.44%,888?EOS
7,cypherglasss,http://cypherglass.com,"52,121,878",2.37%,873?EOS
8,eosiomeetone,https://meet.one,"50,813,427",2.31%,859?EOS
9,cryptolions1,http://CryptoLions.io,"50,580,408",2.30%,856?EOS
10,eosstorebest,http://www.eos.store,"49,662,256",2.26%,846?EOS
11,eoscanadacom,https://www.eoscanada.com,"49,029,394",2.23%,840?EOS
12,eosliquideos,http://vote.liquideos.com/,"48,925,956",2.22%,839?EOS
13,eosswedenorg,https://eossweden.se,"48,652,845",2.21%,836?EOS
14,bitfinexeos1,https://www.bitfinex.com,"48,469,116",2.20%,834?EOS
15,eosbeijingbp,https://www.eosbeijing.one,"47,991,078",2.18%,829?EOS
16,eos42freedom,https://www.eos42.io,"47,668,688",2.17%,825?EOS
17,helloeoscnbp,https://www.helloeos.com.cn,"45,676,527",2.08%,804?EOS
18,eosasia11111,https://www.eosasia.one,"45,162,263",2.05%,799?EOS
19,eosdacserver,https://eosdac.io,"45,048,335",2.05%,797?EOS
20,teamgreymass,https://greymass.com,"44,228,833",2.01%,789?EOS
21,argentinaeos,https://www.eosargentina.io,"43,569,748",1.98%,782?EOS
22,libertyblock,http://monitor.libertyblock.io,"42,502,030",1.93%,452?EOS
23,starteosiobp,https://www.starteos.io,"42,365,763",1.93%,451?EOS
24,eosriobrazil,https://eosrio.io,"41,595,774",1.89%,443?EOS
25,eostribeprod,https://eostribe.io,"34,393,885",1.56%,366?EOS
26,eosantpoolbp,https://www.eosantpool.com,"34,366,777",1.56%,366?EOS
27,eoscafeblock,https://eoscafecalgary.com,"33,325,453",1.52%,355?EOS
28,jrrcryptoeos,http://www.eosjrr.io/,"29,445,331",1.34%,313?EOS
29,jedaaaaaaaaa,http://www.eosjapan.org,"29,032,232",1.32%,309?EOS
30,eosnationftw,https://bp.eosnation.io,"28,171,523",1.28%,300?EOS
31,eosnodeonebp,http://www.eosnodeone.io,"26,653,353",1.21%,284?EOS
32,eoseouldotio,https://bp.eoseoul.io,"26,147,072",1.19%,278?EOS
33,eosflytomars,http://www.bitmars.one,"25,736,831",1.17%,274?EOS
34,eosyskoreabp,http://eosys.io,"25,614,126",1.16%,273?EOS
35,eosbixinboot,http://en.eosbixin.com,"24,970,774",1.14%,266?EOS
36,sheos21sheos,https://sheos.org,"24,945,785",1.13%,265?EOS
37,eosfishrocks,https://eos.fish,"24,729,040",1.12%,263?EOS
38,tokenika4eos,https://tokenika.io/,"24,537,664",1.12%,261?EOS
39,aus1genereos,http://www.genereos.io,"21,987,545",1.00%,234?EOS
40,blockmatrix1,https://blockmatrix.network,"21,416,249",0.97%,228?EOS
41,eoslaomaocom,https://eoslaomao.com,"21,288,981",0.97%,227?EOS
42,eosgenblockp,https://www.genesis-mining.com/eos,"21,155,758",0.96%,225?EOS
43,eosafricaone,http://bp.eosio.africa,"20,268,047",0.92%,216?EOS
44,blocksmithio,https://eosblocksmith.io,"19,915,949",0.91%,212?EOS
45,eosdublinwow,https://www.eosdublin.com,"18,246,472",0.83%,194?EOS
46,eosamsterdam,https://eosamsterdam.net,"17,728,202",0.81%,189?EOS
47,eosnairobike,http://www.eosnairobi.io,"17,435,509",0.79%,186?EOS
48,eosvenezuela,https://eosvenezuela.io,"16,833,591",0.77%,179?EOS
49,oraclegogogo,https://oraclechain.io,"16,241,304",0.74%,173?EOS
50,eosunion1111,http://eosunion.io/,"15,891,666",0.72%,169?EOS
51,eossv12eossv,https://eossiliconvalley.io,"15,351,706",0.70%,163?EOS
52,philippinebp,https://eosph.io,"14,556,757",0.66%,155?EOS
53,eosphereiobp,https://www.eosphere.io,"12,988,891",0.59%,138?EOS
54,hkeoshkeosbp,https://www.hkeos.com,"11,236,758",0.51%,120?EOS
55,geosoneforbp,https://www.geos.one,"11,174,144",0.51%,119?EOS
56,sheleaders21,https://www.sheleaders.one/,"11,153,116",0.51%,119?EOS
57,eoswenzhoubp,http://eoswz.com,"10,454,549",0.48%,0?EOS
58,bp2bp2bp2bp2,https://bpsquared.bp2.io,"9,768,114",0.44%,0?EOS
59,eoscybexiobp,https://eos.cybex.io/,"9,627,088",0.44%,0?EOS
60,eosecoeoseco,https://eoseco.com,"8,868,502",0.40%,0?EOS
61,atticlabeosb,http://atticlab.net/,"8,773,751",0.40%,0?EOS
62,eostitanprod,https://eostitan.com,"8,763,676",0.40%,0?EOS
63,kunablockprd,http://eos.kuna.io,"8,650,078",0.39%,0?EOS
64,unlimitedeos,http://www.unlimitedeos.com/bp.json,"8,373,628",0.38%,0?EOS
65,greencapital,http://www.greencapital.com,"7,870,962",0.36%,0?EOS
66,eoschaintech,http://eoschaintech.com,"7,840,282",0.36%,0?EOS
67,strongmonkey,http://strongmonkey.com,"7,799,589",0.35%,0?EOS
68,eosorangeeos,http://eosorangeeos.com,"7,795,812",0.35%,0?EOS
69,voldemorteos,http://voldemorteos.com,"7,787,873",0.35%,0?EOS
70,eossixparkbp,http://www.eossixparkbp.com,"7,786,222",0.35%,0?EOS
71,eosonoeosono,https://ono.chat,"7,696,143",0.35%,0?EOS
72,eosmetaliobp,https://eosmetal.io,"7,156,083",0.33%,0?EOS
73,acroeos12345,http://www.acroeos.one,"6,587,933",0.30%,0?EOS
74,eosvietnambp,https://eosviet.io,"6,195,723",0.28%,0?EOS
75,eoshenzhenio,https://eoshenzhen.io,"6,141,172",0.28%,0?EOS
76,bpacbpacbpac,https://bpac.io,"5,737,382",0.26%,0?EOS
77,eosvibesbloc,https://eosvibes.io,"5,730,378",0.26%,0?EOS
78,costaricaeos,http://eoscostarica.io,"5,621,546",0.26%,0?EOS
79,bpkhmereoskh,https://eoskh.com,"5,565,945",0.25%,0?EOS
80,eosmedinodes,http://eosmedi.com,"4,788,726",0.22%,0?EOS
81,eosholdings1,http://eos.holdings,"4,723,113",0.21%,0?EOS
82,eostark11111,www.eostark.com,"4,574,478",0.21%,0?EOS
83,eosninetiess,http://www.eos90s.io/,"4,435,881",0.20%,0?EOS
84,eosmesodotio,https://eosmeso.io,"4,413,071",0.20%,0?EOS
85,bitspacenode,https://eos.bitspace.no,"4,378,517",0.20%,0?EOS
86,qxeosqxeosbp,https://www.blockpin.net/eos,"4,177,984",0.19%,0?EOS
87,eosiosg11111,https://eosio.sg,"4,097,659",0.19%,0?EOS
88,eosukblocpro,https://eosuk.io/,"4,096,801",0.19%,0?EOS
89,eosiodetroit,https://eosdetroit.io,"3,706,781",0.17%,0?EOS
90,eoswancloud1,https://eos.wancloud.cloud/bp.json,"3,581,070",0.16%,0?EOS
91,eospacificbp,https://www.nodepacific.com/,"3,505,102",0.16%,0?EOS
92,keoskorea111,https://keos.kr,"3,314,693",0.15%,0?EOS
93,blockgenicbp,http://blockgenic.io,"3,231,495",0.15%,0?EOS
94,eossocalprod,http://eossocal.io,"3,197,043",0.15%,0?EOS
95,eosgermanybp,https://eosgermany.one,"3,106,143",0.14%,0?EOS
96,eosgalaxybp1,http://www.eosgalaxy.io,"3,101,894",0.14%,0?EOS
97,eoslawyereos,https://eos.lawyer,"3,083,886",0.14%,0?EOS
98,hexlantttttt,https://hexbp.com,"3,007,652",0.14%,0?EOS
99,eosjapanclub,http://www.eosjapan.co.jp,"2,851,183",0.13%,0?EOS
100,eosthushuimu,http://www.eosthu.com,"2,838,375",0.13%,0?EOS
101,dposclubprod,https://dpos.club/bp.json,"2,577,532",0.12%,0?EOS
102,eosadddddddd,http://eosadd.com,"2,525,853",0.11%,0?EOS
103,eospaceioeos,https://eospace.io,"2,514,717",0.11%,0?EOS
104,123singapore,http://eos.vote,"2,482,760",0.11%,0?EOS
105,top111111111,https://top.one/bp_info.json/,"2,266,114",0.10%,0?EOS
106,saltblockeos,https://www.saltblock.io,"2,203,243",0.10%,0?EOS
107,eospaygatebp,https://bp.eospay.host,"2,080,325",0.09%,0?EOS
108,eosflareiobp,https://eosflare.io,"2,064,944",0.09%,0?EOS
109,superoneiobp,https://superone.io,"2,023,718",0.09%,0?EOS
110,dutcheosxxxx,https://dutcheos.io,"1,916,792",0.09%,0?EOS
111,chainriftxxx,https://eos.chainrift.com,"1,861,077",0.08%,0?EOS
112,eosvillagebp,https://eosvillage.io,"1,736,259",0.08%,0?EOS
113,emergepoland,http://eosemerge.io,"1,693,083",0.08%,0?EOS
114,1eostheworld,https://eostheworld.io,"1,676,787",0.08%,0?EOS
115,alohaeosprod,https://www.alohaeos.com,"1,615,398",0.07%,0?EOS
116,eoscube11111,http://eoscube.io/,"1,450,704",0.07%,0?EOS
117,okcapitalbp1,https://www.okex.com/eosbp/,"1,431,190",0.07%,0?EOS
118,eosbarcelona,http://eosbarcelona.com,"1,403,188",0.06%,0?EOS
119,eosteaeostea,https://eostea.io,"1,385,123",0.06%,0?EOS
120,eoswtzeoswtz,http://www.eoswtz.com/,"1,369,217",0.06%,0?EOS
121,chainclubeos,http://eosio.university/,"1,164,910",0.05%,0?EOS
122,eosrussiacom,http://eos.adenso.ru,"1,146,301",0.05%,0?EOS
123,eosdanhuausa,http://www.infinitystones.io/eos/bp_info.json,"1,142,273",0.05%,0?EOS
124,onechaindapp,http://eosdapp.oneeos.org/,"1,125,062",0.05%,0?EOS
125,eoshcchealth,https://eoshcc.keybase.pub,"1,104,403",0.05%,0?EOS
126,eosvancouver,http://www.eosvan.io,"1,054,452",0.05%,0?EOS
127,eosarabianet,http://eosarabia.net/,"1,043,003",0.05%,0?EOS
128,eosbepalsafe,https://eos.bepal.io,"968,594",0.04%,0?EOS
129,blockchained,https://eos.blckchnd.com,"949,013",0.04%,0?EOS
130,eosamericas2,http://www.eosamericas.com,"875,906",0.04%,0?EOS
131,ha4daobxg4ge,http://eos.medishares.org,"794,927",0.04%,0?EOS
132,eosrealbpcsg,http://www.eosreal.com,"785,368",0.04%,0?EOS
133,eosromania22,http://eos.romania22.com,"718,653",0.03%,0?EOS
134,eosgreeniobp,https://eosgreen.io,"708,327",0.03%,0?EOS
135,daoeosbpbwin,http://www.daoeos.io,"632,157",0.03%,0?EOS
136,privexinceos,https://bp.privex.io,"621,941",0.03%,0?EOS
137,eosnetworkio,http://www.eosnetwork.io,"618,835",0.03%,0?EOS
138,eoszonrussia,http://eoszon.io,"617,836",0.03%,0?EOS
139,franceosysbp,https://franceos.fr,"599,931",0.03%,0?EOS
140,blockpro1eos,http://blockpro.one/,"581,733",0.03%,0?EOS
141,eosindiaiobp,https://eosindia.io/bp_info.json,"527,284",0.02%,0?EOS
142,eoslovebirds,http://eoslove.io/,"512,419",0.02%,0?EOS
143,nodeshanghai,https://fish.one,"505,585",0.02%,0?EOS
144,buildteameos,https://buildteam.io/,"458,136",0.02%,0?EOS
145,eosgamesboot,http://eos.games,"441,831",0.02%,0?EOS
146,eospalliumss,http://eospalliums.org,"367,013",0.02%,0?EOS
147,gy3dqnjtgyge,http://eosbattles.com,"352,310",0.02%,0?EOS
148,eoslithuania,https://eosio.lt/,"303,269",0.01%,0?EOS
149,eosmotioneos,https://project.motion.one,"289,033",0.01%,0?EOS
150,blockcceosio,https://eos.block.cc/,"285,288",0.01%,0?EOS
151,eoscocoshost,http://www.cocosbcx.io/,"283,088",0.01%,0?EOS
152,bchainlabeos,https://blockchainlab.me,"276,643",0.01%,0?EOS
153,stakedstaked,https://staked.us,"256,240",0.01%,0?EOS
154,roelandp1eos,https://roelandp.nl/eos,"255,367",0.01%,0?EOS
155,blockeosioio,https://blockeos.io,"234,473",0.01%,0?EOS
156,disfundbpeos,https://alexbond.keybase.pub/eos_df_bp.json,"225,109",0.01%,0?EOS
157,worblieosbp1,https://eos.worbli.io,"161,653",0.01%,0?EOS
158,germaneostop,http://www.germaneos.de,"155,028",0.01%,0?EOS
159,hezdknrzgqge,http://eosarabia.org/,"127,489",0.01%,0?EOS
160,eoscleanerbp,http://eoscleaner.one,"121,384",0.01%,0?EOS
161,prospectors1,https://prospectors.io,"97,598",0.00%,0?EOS
162,activeeoscom,https://www.activeeos.com,"97,345",0.00%,0?EOS
163,ivote4eosusa,http://keybase.pub/eosusa/bp.json,"89,323",0.00%,0?EOS
164,deneosioblck,https://deneos_io.keybase.pub/bp_info.json,"79,351",0.00%,0?EOS
165,eosarmyioant,https://eosarmy.io,"74,194",0.00%,0?EOS
166,candyairdrop,,"73,339",0.00%,0?EOS
167,eosworkspace,,"72,890",0.00%,0?EOS
168,eoscandyone1,https://candy.one/,"67,361",0.00%,0?EOS
169,eosdailynews,,"66,189",0.00%,0?EOS
170,eosbattlenet,,"64,945",0.00%,0?EOS
171,eosclockwise,,"59,197",0.00%,0?EOS
172,eosdelivered,,"59,066",0.00%,0?EOS
173,eoskathmandu,,"57,935",0.00%,0?EOS
174,eosyosemitex,https://yosemitex.com,"56,659",0.00%,0?EOS
175,eosfreemason,,"54,526",0.00%,0?EOS
176,eosstarcraft,,"52,826",0.00%,0?EOS
177,eoscrowdsale,,"52,182",0.00%,0?EOS
178,eostimestamp,,"52,024",0.00%,0?EOS
179,eosdirectory,,"51,951",0.00%,0?EOS
180,eosstarlight,,"51,467",0.00%,0?EOS
181,gyzdeobshege,https://mainnet.eoscanada.com,"51,221",0.00%,0?EOS
182,eossafevault,,"51,095",0.00%,0?EOS
183,eosrochester,,"50,779",0.00%,0?EOS
184,eosworkshops,,"47,248",0.00%,0?EOS
185,eosaustralia,https://www.genereos-sydney.io/,"46,400",0.00%,0?EOS
186,eoschaindata,,"46,111",0.00%,0?EOS
187,eosblockzero,http://eosblockzero.com,"46,067",0.00%,0?EOS
188,eossmartfund,,"45,768",0.00%,0?EOS
189,eoschristian,,"45,742",0.00%,0?EOS
190,eosastrology,,"45,665",0.00%,0?EOS
191,eosbutterfly,,"45,484",0.00%,0?EOS
192,eosorderbook,,"45,344",0.00%,0?EOS
193,eossafeguard,,"45,253",0.00%,0?EOS
194,eostrademark,,"44,662",0.00%,0?EOS
195,eospromotion,,"44,642",0.00%,0?EOS
196,eospowerball,,"44,565",0.00%,0?EOS
197,eosprincipal,,"44,565",0.00%,0?EOS
198,eoshandshake,,"43,700",0.00%,0?EOS
199,eosfreelance,,"43,700",0.00%,0?EOS
200,eoshorizon11,https://eoshorizon.ca,"43,617",0.00%,0?EOS
201,whateosbp111,http://www.whateos.com/BP_info.json/,"42,569",0.00%,0?EOS
202,oasisproduce,http://eosoasis.io,"42,021",0.00%,0?EOS
203,tchaineospro,http://thetchain.com/eos,"41,845",0.00%,0?EOS
204,taxreliefeos,https://eostaxrelief.com/bp_info.json,"36,973",0.00%,0?EOS
205,theeosdublin,https://eosdublin.com,"32,853",0.00%,0?EOS
206,ha3dkojwguge,blockchainatcolumbia.com,"31,122",0.00%,0?EOS
207,csxcommunity,https://www.csx.io,"30,220",0.00%,0?EOS
208,foodtokeneos,https://foodtoken.io,"29,993",0.00%,0?EOS
209,eosnewzealbp,https://eosnewzealand.com/bp_info.json,"29,536",0.00%,0?EOS
210,eosphorusdac,https://eosphorus.io,"29,147",0.00%,0?EOS
211,eosraychains,https://www.eosraychain.com,"25,751",0.00%,0?EOS
212,blockgenesys,http://www.blockgenesys.com,"25,670",0.00%,0?EOS
213,spearfundoh1,http://spear.fund,"22,340",0.00%,0?EOS
214,eostexasserv,http://www.eostex.com,"18,865",0.00%,0?EOS
215,eosplaneprod,https://eosplane.top,"17,592",0.00%,0?EOS
216,eosxsinanode,https://eosxsina.com/,"17,580",0.00%,0?EOS
217,wakandabpeos,,"17,209",0.00%,0?EOS
218,eosninecatbp,http://www.eos9cat.com,"16,781",0.00%,0?EOS
219,eosqiobpoops,https://eosq.io,"16,369",0.00%,0?EOS
220,bpnodecanada,https://bpnode.com/bp_info.json,"15,196",0.00%,0?EOS
221,eosmiamidade,http://eos.miami,"14,575",0.00%,0?EOS
222,iamtheeosabp,,"14,188",0.00%,0?EOS
223,marketstackd,https://marketstack.keybase.pub/bp_info.json,"12,905",0.00%,0?EOS
224,eoscollegeus,http://eos.college,"12,886",0.00%,0?EOS
225,eosiomyanmar,http://moa.com.mm,"12,728",0.00%,0?EOS
226,gqydmnbyguge,,"12,228",0.00%,0?EOS
227,eoswinwinwin,https://eos.win,"11,038",0.00%,0?EOS
228,guytmmrrgmge,http://157.238.216.101,"10,127",0.00%,0?EOS
229,hezdenbsg4ge,https://google.com,"9,519",0.00%,0?EOS
230,pratothemoon,https://chain.pro/,"8,041",0.00%,0?EOS
231,eosfutureldn,http://eosfuture.io/,"7,444",0.00%,0?EOS
232,bitcoingod11,https://eos.bitcoingod.org/,"7,052",0.00%,0?EOS
233,zyatsiusagry,,"6,013",0.00%,0?EOS
234,lamboandmoon,http://lamboandmoon.io,"5,924",0.00%,0?EOS
235,gqztenjzgege,https://steemit.com/@nadejde,"4,823",0.00%,0?EOS
236,eosdotwikibp,https://eos.wiki,"4,000",0.00%,0?EOS
237,onerootlleos,http://oneroot.io,"3,612",0.00%,0?EOS
238,bitcoineosfu,http://bitcoineos.fun,"3,459",0.00%,0?EOS
239,atticlabeosp,http://atticlab.net/,"3,458",0.00%,0?EOS
240,eoslanddotca,http://www.eosland.ca,"3,255",0.00%,0?EOS
241,haydiojyhege,,"2,715",0.00%,0?EOS
242,haydiojyg4ge,,"2,715",0.00%,0?EOS
243,g44tomzugmge,,"2,715",0.00%,0?EOS
244,haydinbrgage,,"2,715",0.00%,0?EOS
245,haydinjvg4ge,,"2,715",0.00%,0?EOS
246,haydiojyhage,,"2,715",0.00%,0?EOS
247,haydiojxgmge,,"2,713",0.00%,0?EOS
248,haydinjqhege,,"2,705",0.00%,0?EOS
249,haydiobvhage,,"2,703",0.00%,0?EOS
250,cryptominers,http://www.test.com,"2,616",0.00%,0?EOS
251,worldcupeos1,https://www.fifa.com/worldcup/,"2,613",0.00%,0?EOS
252,exmotraderes,exmo.com,"2,556",0.00%,0?EOS
253,haydinjyg4ge,,"2,493",0.00%,0?EOS
254,haydiojzgqge,,"2,491",0.00%,0?EOS
255,g44tomzugige,,"2,491",0.00%,0?EOS
256,eosdlbpservr,,"2,491",0.00%,0?EOS
257,haydiojzgege,,"2,491",0.00%,0?EOS
258,1teamcanada1,http://can-play.ca,"2,491",0.00%,0?EOS
259,haydiobwguge,,"2,491",0.00%,0?EOS
260,haydiojwgqge,,"2,491",0.00%,0?EOS
261,haydiojrhage,,"2,491",0.00%,0?EOS
262,haydinjygmge,,"2,491",0.00%,0?EOS
263,haydiojwg4ge,,"2,491",0.00%,0?EOS
264,haydiojvgage,,"2,491",0.00%,0?EOS
265,haydinjxhage,,"2,491",0.00%,0?EOS
266,gu2tembqgage,https://www.cardano.org,"2,128",0.00%,0?EOS
267,eosalpineski,https://cryptopacific.keybase.pub/,"2,009",0.00%,0?EOS
268,swedencornet,https://swedencornet.wordpress.com/,"1,314",0.00%,0?EOS
269,eoswondersbp,http://eoswonders.com/,840,0.00%,0?EOS
270,haydkmbqgage,,721,0.00%,0?EOS
271,eosmusicians,,616,0.00%,0?EOS
272,haydinjqgige,,552,0.00%,0?EOS
273,haydiojxgige,,550,0.00%,0?EOS
274,kunakunakuna,,522,0.00%,0?EOS
275,g44tomjxg4ge,,509,0.00%,0?EOS
276,g44tomjvgyge,,509,0.00%,0?EOS
277,g44tsnrugyge,,509,0.00%,0?EOS
278,haydiojygyge,,509,0.00%,0?EOS
279,haydiojzg4ge,,509,0.00%,0?EOS
280,haydiojxg4ge,,509,0.00%,0?EOS
281,moesethhlove,,508,0.00%,0?EOS
282,myanmarcoins,,508,0.00%,0?EOS
283,minicooperbp,http://www.serviceuptime.net,508,0.00%,0?EOS
284,haydkmbqgmge,,508,0.00%,0?EOS
285,mixbytevaran,http://mixbytes.io,508,0.00%,0?EOS
286,haydkmbqgege,,508,0.00%,0?EOS
287,mifuyxxqwx21,,508,0.00%,0?EOS
288,g44tsnrugege,,495,0.00%,0?EOS
289,haydiojwgige,,435,0.00%,0?EOS
290,mixbytes1234,http://mixbytes.io,354,0.00%,0?EOS
291,g44tomrygege,,351,0.00%,0?EOS
292,btctothemoon,,351,0.00%,0?EOS
293,welovecaohai,http://www.zran.org,341,0.00%,0?EOS
294,haydinbzgyge,,339,0.00%,0?EOS
295,nasdaqnasdaq,http://www.cybchain.com,339,0.00%,0?EOS
296,g44tkmbyg4ge,,338,0.00%,0?EOS
297,g44tinjxgyge,,338,0.00%,0?EOS
298,g44tomjxguge,,338,0.00%,0?EOS
299,g44tsnrwhege,,338,0.00%,0?EOS
300,g44timjqguge,,338,0.00%,0?EOS
301,haydiojwhage,,338,0.00%,0?EOS
302,haydinzqhege,,338,0.00%,0?EOS
303,haydkmbqgige,,338,0.00%,0?EOS
304,haydiojygage,,338,0.00%,0?EOS
305,haydiojygege,,338,0.00%,0?EOS
306,haydiojygmge,,338,0.00%,0?EOS
307,g44tomrygige,,338,0.00%,0?EOS
308,g44tsnrwgege,,338,0.00%,0?EOS
309,haydiojwhege,,338,0.00%,0?EOS
310,haydiobqgmge,,338,0.00%,0?EOS
311,g44tsnrwgage,,338,0.00%,0?EOS
312,g44tsnrvhege,,338,0.00%,0?EOS
313,haydinztgqge,,338,0.00%,0?EOS
314,haydiojxgege,,338,0.00%,0?EOS
315,g44tomzugqge,,338,0.00%,0?EOS
316,haydiojzguge,,338,0.00%,0?EOS
317,haydiobyguge,,338,0.00%,0?EOS
318,haydiojzgyge,,338,0.00%,0?EOS
319,haydinzxgyge,,338,0.00%,0?EOS
320,haydiojxgqge,,338,0.00%,0?EOS
321,haydiojqgige,,320,0.00%,0?EOS
322,haydiojqg4ge,,232,0.00%,0?EOS
323,eoschainbmok,http://www.aibilink.com,229,0.00%,0?EOS
324,haydinjqgyge,,226,0.00%,0?EOS
325,haydinrqgege,,224,0.00%,0?EOS
326,haydiojwgege,,224,0.00%,0?EOS
327,g44timjvgage,,224,0.00%,0?EOS
328,haydiojugige,,224,0.00%,0?EOS
329,haydinjwgege,,224,0.00%,0?EOS
330,haydiojygige,,224,0.00%,0?EOS
331,haydiojxgyge,,224,0.00%,0?EOS
332,haydinbtgage,,224,0.00%,0?EOS
333,haydimzzgqge,,224,0.00%,0?EOS
334,g44tomrxhage,,224,0.00%,0?EOS
335,haydiojxhage,,224,0.00%,0?EOS
336,g44tsnrwg4ge,,224,0.00%,0?EOS
337,g44tomrxhege,,224,0.00%,0?EOS
338,haydiojzhege,,224,0.00%,0?EOS
339,haydiojwguge,,222,0.00%,0?EOS
340,haydiojwgyge,,222,0.00%,0?EOS
341,haydiojxguge,,222,0.00%,0?EOS
342,haydinjtgige,,215,0.00%,0?EOS
343,haydinzugige,,213,0.00%,0?EOS
344,g44tsnrwgyge,,213,0.00%,0?EOS
345,haydiojyguge,,213,0.00%,0?EOS
346,moreisfuture,https://more.top,148,0.00%,0?EOS
347,divinerapier,http://www.divinerapier.com,124,0.00%,0?EOS
348,cobowalletbp,https://cobo.com,105,0.00%,0?EOS
349,haydiojzgage,,102,0.00%,0?EOS
350,1eosbattles1,http://eosbattles.com,85,0.00%,0?EOS
351,eoswebnetbp1,https://eosweb.net/,79,0.00%,0?EOS
352,eosiomaxgreg,/,67,0.00%,0?EOS
353,gu3dambwgyge,,67,0.00%,0?EOS
354,nodextecheos,https://dexnode.net,8,0.00%,0?EOS
355,galaxypirate,http://www.galaxypirate.com,2,0.00%,0?EOS
356,haydinjsgage,,2,0.00%,0?EOS
357,haydinjug4ge,,2,0.00%,0?EOS
358,haydinjtgege,,2,0.00%,0?EOS
359,haydinjtg4ge,,2,0.00%,0?EOS
360,haydiojzgige,,0,0.00%,0?EOS
361,haydiojzhage,,0,0.00%,0?EOS
362,haydiojygqge,,0,0.00%,0?EOS
363,haydiojxgage,,0,0.00%,0?EOS
364,haydiojwgmge,,0,0.00%,0?EOS
365,haydiobxgyge,,0,0.00%,0?EOS
366,haydiobtg4ge,,0,0.00%,0?EOS
367,g44tomrygmge,,0,0.00%,0?EOS
368,haydinzsguge,,0,0.00%,0?EOS
369,haydinzrgmge,,0,0.00%,0?EOS
370,haydinrugege,,0,0.00%,0?EOS
371,chainriftbp1,https://eospublic.chainrift.com,0,0.00%,0?EOS
372,haydinjxgige,,0,0.00%,0?EOS
373,hezdsnbshege,https://activeeos.com,0,0.00%,0?EOS
374,eoswinwineos,http://eos.win,0,0.00%,0?EOS
375,hezdsnbsguge,https://activeeos.com,0,0.00%,0?EOS
376,eosqiogogogo,https://eosq.io,0,0.00%,0?EOS
377,xx22xx22xx22,https://baidu.com,0,0.00%,0?EOS
378,gerryduan123,https://eos.bitcoingod.org/,0,0.00%,0?EOS
379,haydinzwguge,,0,0.00%,0?EOS
